/*	CUSTOMER Table is made for customer information with Insert Into Values and includes Primary Key CUST_ID and also uses CHECK constraints for CUST_ID data to check correct values. */

CREATE TABLE CUSTOMER (
  CUST_ID							NUMERIC(3) NOT NULL,
  COMPANY_NAME						VARCHAR(20),
  CUST_NAME							CHAR(20)  NOT NULL,
  CUST_SURNAME		 				CHAR(20)  NOT NULL,
  GENERAL_NOTES						TEXT,
    CONSTRAINT CHECK_CUST_ID CHECK (CUST_ID BETWEEN 110 and 116),
	CONSTRAINT CUSTOMER_PRIMARY_KEY PRIMARY KEY (CUST_ID));
	
INSERT INTO CUSTOMER (CUST_ID, COMPANY_NAME, CUST_NAME, CUST_SURNAME, GENERAL_NOTES)
VALUES (111,NULL,'JIMMY','WALKER','PLEASE, USE REAR DOOR FOR ACCESS.');

INSERT INTO CUSTOMER (CUST_ID, COMPANY_NAME, CUST_NAME, CUST_SURNAME, GENERAL_NOTES)
VALUES (112,'NEST','SARAH','PARKER',NULL);

INSERT INTO CUSTOMER (CUST_ID, COMPANY_NAME, CUST_NAME, CUST_SURNAME, GENERAL_NOTES)
VALUES (113,'TECH INVEST','AMANDA','TAPPING','PLEASE, WAIT FOR ME IN A HALL NEXT TO THE RECEPTION');

INSERT INTO CUSTOMER (CUST_ID, COMPANY_NAME, CUST_NAME, CUST_SURNAME, GENERAL_NOTES)
VALUES (114,'OSCORP','SAMUEL','BLAKE',NULL);

INSERT INTO CUSTOMER (CUST_ID, COMPANY_NAME, CUST_NAME, CUST_SURNAME, GENERAL_NOTES)
VALUES (115,'OPS INTERNATIONAL','FREDERICK','NAVRATIL','PLEASE, USE DIAL +444 WHEN YOU CONTACT ME');	
	
/*	CUSTOMER_CONTACT Table is made for customer contact with Insert Into Values and includes Primary Key CUST_MOBILE_PHONE_NUMBER and Foreign Key CUST_ID. 
Also, table uses CHECK constraints CUST_MOBILE_PHONE_NUMBER lengh data. */

CREATE TABLE CUSTOMER_CONTACT (
  CUST_CONTACT_ID    				NUMERIC(2)  NOT NULL,
  CUST_MOBILE_PHONE_NUMBER    		NUMERIC(20)  NOT NULL,
  CUST_LANDLINE_PHONE_NUMBER   		NUMERIC(20),
  CUST_FAX_NUMBER					CHAR(25),
  CUST_EMAIL_ADDRESS				VARCHAR(320),
  CUST_ID							NUMERIC(3) NOT NULL,
    CONSTRAINT CHECK_CUST_MOBILE_PHONE_NUMBER CHECK (CUST_MOBILE_PHONE_NUMBER=11),
	CONSTRAINT CUSTOMER_CONTACT_PRIMARY_KEY PRIMARY KEY (CUST_CONTACT_ID),
	CONSTRAINT CUSTOMER_CONTACT_FOREIGN_KEY FOREIGN KEY (CUST_ID) REFERENCES CUSTOMER (CUST_ID));

INSERT INTO CUSTOMER_CONTACT (CUST_CONTACT_ID, CUST_MOBILE_PHONE_NUMBER, CUST_LANDLINE_PHONE_NUMBER, CUST_FAX_NUMBER, CUST_EMAIL_ADDRESS, CUST_ID)
VALUES (66,07345846512,01263960635,NULL,'jeppomma2710@yopmail.com',111);

INSERT INTO CUSTOMER_CONTACT (CUST_CONTACT_ID, CUST_MOBILE_PHONE_NUMBER, CUST_LANDLINE_PHONE_NUMBER, CUST_FAX_NUMBER, CUST_EMAIL_ADDRESS, CUST_ID)
VALUES (67,07840175439,01263960617,NULL,'mjo@gmail.com',112);

INSERT INTO CUSTOMER_CONTACT (CUST_CONTACT_ID, CUST_MOBILE_PHONE_NUMBER, CUST_LANDLINE_PHONE_NUMBER, CUST_FAX_NUMBER, CUST_EMAIL_ADDRESS, CUST_ID)
VALUES (68,07833230781,01261456226,NULL,'dzhaitham1s2@yahoo.com',113);

INSERT INTO CUSTOMER_CONTACT (CUST_CONTACT_ID, CUST_MOBILE_PHONE_NUMBER, CUST_LANDLINE_PHONE_NUMBER, CUST_FAX_NUMBER, CUST_EMAIL_ADDRESS, CUST_ID)
VALUES (63,07812001359,01261489549,NULL,'Pammar45@toppartners.ml',114);

INSERT INTO CUSTOMER_CONTACT (CUST_CONTACT_ID, CUST_MOBILE_PHONE_NUMBER, CUST_LANDLINE_PHONE_NUMBER, CUST_FAX_NUMBER, CUST_EMAIL_ADDRESS, CUST_ID)
VALUES (61,07496017950,01283556680,'+44-161-999-8888','ogeo.fre@gmail.com',115);
	
/*	CUSTOMER_ADDRESS Table is made for customer address information with Insert Into Values and includes Primary Key CUST_ADDRESS_ID and Foreign Key CUST_ID. */
	
CREATE TABLE CUSTOMER_ADDRESS (
  CUST_ADDRESS_ID					VARCHAR(1) NOT NULL,
  CUST_BILLING_ADDRESS				VARCHAR(40) NOT NULL,
  CUST_CITY                			CHAR (30),
  CUST_AREA               			CHAR (20),
  CUST_POSTCODE                 	VARCHAR (10),
  CUST_COUNTRY						CHAR (30),
  CUST_ID							NUMERIC(3) NOT NULL,
	CONSTRAINT CUSTOMER_ADDRESS_PRIMARY_KEY PRIMARY KEY (CUST_ADDRESS_ID),
	CONSTRAINT CUSTOMER_ADDRESS_FOREIGN_KEY FOREIGN KEY (CUST_ID) REFERENCES CUSTOMER (CUST_ID));
	
INSERT INTO CUSTOMER_ADDRESS (CUST_ADDRESS_ID, CUST_BILLING_ADDRESS, CUST_CITY, CUST_AREA, CUST_POSTCODE, CUST_COUNTRY, CUST_ID)	
VALUES (1,'69 Witney Way','KIRRIEMUIR','STAPPENHILL','DD8 8SJ','WALES',111);

INSERT INTO CUSTOMER_ADDRESS (CUST_ADDRESS_ID, CUST_BILLING_ADDRESS, CUST_CITY, CUST_AREA, CUST_POSTCODE, CUST_COUNTRY, CUST_ID)
VALUES (2,'11 Consett Rd','HIGHTAE',NULL,'DG11 9AE','SCOTLAND',112);

INSERT INTO CUSTOMER_ADDRESS (CUST_ADDRESS_ID, CUST_BILLING_ADDRESS, CUST_CITY, CUST_AREA, CUST_POSTCODE, CUST_COUNTRY, CUST_ID)
VALUES (3,'65 Telford Street','BARDNEY','TREMORFA','LN3 4FH','ENGLAND',113);

INSERT INTO CUSTOMER_ADDRESS (CUST_ADDRESS_ID, CUST_BILLING_ADDRESS, CUST_CITY, CUST_AREA, CUST_POSTCODE, CUST_COUNTRY, CUST_ID)
VALUES (4,'127  Netherpark Crescent','STIBB CROSS',NULL,'EX38 8QZ','ENGLAND',114);

INSERT INTO CUSTOMER_ADDRESS (CUST_ADDRESS_ID, CUST_BILLING_ADDRESS, CUST_CITY, CUST_AREA, CUST_POSTCODE, CUST_COUNTRY, CUST_ID)
VALUES (5,'80 Guild Street','LONDON',NULL,'SE14 7HB','ENGLAND',115);	

/*	ESTIMATES Table is made for estimate information with Insert Into Values and includes Primary Key ESTIMATE_ID and Foreign Key CUST_ID. 
Also, table uses CHECK constraints TOTAL_PRICE that price is equal or more than 0. */
	
CREATE TABLE ESTIMATES (
  ESTIMATE_ID						NUMERIC(4) NOT NULL,
  CUST_ID							NUMERIC(3) NOT NULL,
  DATE_OF_ISSUE						DATE,
  JOB_DESCRIPTION					TEXT,
  TOTAL_PRICE						NUMERIC(8,2) NOT NULL,
  HOURLY_RATE						NUMERIC(8,2),
  JOB_CONDITION			    		TEXT,
  CHECK (TOTAL_PRICE>=0),
  	CONSTRAINT ESTIMATES_PRIMARY_KEY PRIMARY KEY (ESTIMATE_ID),
	CONSTRAINT ESTIMATES_FOREIGN_KEY FOREIGN KEY (CUST_ID) REFERENCES CUSTOMER (CUST_ID));
	
INSERT INTO ESTIMATES (ESTIMATE_ID, CUST_ID, DATE_OF_ISSUE, JOB_DESCRIPTION, TOTAL_PRICE, HOURLY_RATE, JOB_CONDITION)
VALUES (9873,111,'2018-10-25','COMPLETE NETWORK COMPANY SOLUTION','10853',NULL,'This proposal is valid for at most 30 days from date of issue.');

INSERT INTO ESTIMATES (ESTIMATE_ID, CUST_ID, DATE_OF_ISSUE, JOB_DESCRIPTION, TOTAL_PRICE, HOURLY_RATE, JOB_CONDITION)
VALUES (9866,112,'2018-03-06','INSTALLATION OF 37 ROUTERS','5675',40,'This proposal is valid from date of issue.'); 

INSERT INTO ESTIMATES (ESTIMATE_ID, CUST_ID, DATE_OF_ISSUE, JOB_DESCRIPTION, TOTAL_PRICE, HOURLY_RATE, JOB_CONDITION)
VALUES (9814,113,'2018-01-08','UPGRADING OF COMPANY COMPUTERS','41532',25,'This proposal includes extended warranty for 3 years.'); 

INSERT INTO ESTIMATES (ESTIMATE_ID, CUST_ID, DATE_OF_ISSUE, JOB_DESCRIPTION, TOTAL_PRICE, HOURLY_RATE, JOB_CONDITION)
VALUES (9848,114,'2018-10-21','NETWORK INSTALLATION','4440',40,'Network installation will be billed on an hourly basis, at £80 per hour.');

INSERT INTO ESTIMATES (ESTIMATE_ID, CUST_ID, DATE_OF_ISSUE, JOB_DESCRIPTION, TOTAL_PRICE, HOURLY_RATE, JOB_CONDITION)
VALUES (9830,115,'2018-06-15','DEVELOPING OF COMPANY DATABASE','3750',NULL,'SOFTWARE CAN NOT BE USED OR MAINTAIN BY THIRD COMPANY.');

/*	WORK_ORDER Table is made for work order information with Insert Into Values and includes Primary Key WORK_ORDER_ID and Foreign Key ESTIMATE_ID. */

CREATE TABLE WORK_ORDER  (
  WORK_ORDER_ID             		NUMERIC(4) NOT NULL,
  DATE_OF_ISSUE						DATE,																			
  DATE_OF_APPROVED					DATE,
  JOB_SPECIFIC_NOTES				TEXT,
  ESTIMATE_ID						NUMERIC(4) NOT NULL,
  	CONSTRAINT WORK_ORDER_PRIMARY_KEY PRIMARY KEY (WORK_ORDER_ID),
	CONSTRAINT WORK_ORDER_FOREIGN_KEY FOREIGN KEY (ESTIMATE_ID) REFERENCES ESTIMATES (ESTIMATE_ID));
	
INSERT INTO WORK_ORDER (WORK_ORDER_ID, DATE_OF_ISSUE, DATE_OF_APPROVED, JOB_SPECIFIC_NOTES, ESTIMATE_ID)
VALUES (0015,'2018-10-25','2018-11-07',NULL,9873);	

INSERT INTO WORK_ORDER (WORK_ORDER_ID, DATE_OF_ISSUE, DATE_OF_APPROVED, JOB_SPECIFIC_NOTES, ESTIMATE_ID)
VALUES (0017,'2018-03-06','2018-03-12',NULL,9866);

INSERT INTO WORK_ORDER (WORK_ORDER_ID, DATE_OF_ISSUE, DATE_OF_APPROVED, JOB_SPECIFIC_NOTES, ESTIMATE_ID)
VALUES (0019,'2018-01-08','2018-01-15',NULL,9814);	

INSERT INTO WORK_ORDER (WORK_ORDER_ID, DATE_OF_ISSUE, DATE_OF_APPROVED, JOB_SPECIFIC_NOTES, ESTIMATE_ID)
VALUES (0021,'2018-10-21','2018-10-24',NULL,9848);

INSERT INTO WORK_ORDER (WORK_ORDER_ID, DATE_OF_ISSUE, DATE_OF_APPROVED, JOB_SPECIFIC_NOTES, ESTIMATE_ID)
VALUES (0022,'2018-06-15','2018-07-16',NULL,9830);
	
/*	WORK_ORDER_DETAILS Table is made for work order details information with Insert Into Values and includes Primary Key ORDER_DETAILS_ID and Foreign Key WORK_ORDER_ID. 
Also, table uses CHECK constraints TOTAL_PRICE that price is equal or more than 0. */
	
CREATE TABLE WORK_ORDER_DETAILS  (	
  ORDER_DETAILS_ID					NUMERIC(4) NOT NULL,
  TOTAL_PRICE						NUMERIC(8,2) NOT NULL,   						
  HOURLY_RATE						NUMERIC(8,2),																	
  APPROVED_OR_NOT					CHAR(50) NOT NULL,
  WORK_ORDER_ID						NUMERIC(4) NOT NULL,
  CHECK (TOTAL_PRICE>=0),
  	CONSTRAINT WORK_ORDER_DETAILS_PRIMARY_KEY PRIMARY KEY (ORDER_DETAILS_ID),
	CONSTRAINT WORK_ORDER_DETAILS_FOREIGN_KEY FOREIGN KEY (WORK_ORDER_ID) REFERENCES WORK_ORDER (WORK_ORDER_ID));
	
INSERT INTO WORK_ORDER_DETAILS (ORDER_DETAILS_ID, TOTAL_PRICE, HOURLY_RATE, APPROVED_OR_NOT, WORK_ORDER_ID)
VALUES (1156,10853,NULL,'APPROVED',0015);

INSERT INTO WORK_ORDER_DETAILS (ORDER_DETAILS_ID, TOTAL_PRICE, HOURLY_RATE, APPROVED_OR_NOT, WORK_ORDER_ID)
VALUES (1174,5675,'40','APPROVED',0017);

INSERT INTO WORK_ORDER_DETAILS (ORDER_DETAILS_ID, TOTAL_PRICE, HOURLY_RATE, APPROVED_OR_NOT, WORK_ORDER_ID)
VALUES (1195,41532,'25','APPROVED',0019);

INSERT INTO WORK_ORDER_DETAILS (ORDER_DETAILS_ID, TOTAL_PRICE, HOURLY_RATE, APPROVED_OR_NOT, WORK_ORDER_ID)
VALUES (1136,4440,'40','APPROVED',0021);

INSERT INTO WORK_ORDER_DETAILS (ORDER_DETAILS_ID, TOTAL_PRICE, HOURLY_RATE, APPROVED_OR_NOT, WORK_ORDER_ID)
VALUES (1128,3750,NULL,'APPROVED',0022);

/*	DEPARTMENT Table is made for department information with Insert Into Values and includes Primary Key DEP_NUMBER. */

CREATE TABLE DEPARTMENT (
  DEP_NUMBER          				NUMERIC(1) NOT NULL,
  DEP_NAME            				CHAR(40),
  LOCATION               		  	CHAR(20),
	CONSTRAINT DEPARTMENT_PRIMARY_KEY PRIMARY KEY (DEP_NUMBER));
	
INSERT INTO DEPARTMENT (DEP_NUMBER, DEP_NAME, LOCATION)	
VALUES (1,'MAIN OFFICE','LONDON');

INSERT INTO DEPARTMENT (DEP_NUMBER, DEP_NAME, LOCATION)
VALUES (2,'NETWORK DEPARTMENT','MANCHESTER');

INSERT INTO DEPARTMENT (DEP_NUMBER, DEP_NAME, LOCATION)
VALUES (3,'ROUTER INSTALLATION DEPARTMENT','DERBY');

INSERT INTO DEPARTMENT (DEP_NUMBER, DEP_NAME, LOCATION)
VALUES (4,'IT DEPARTMENT','CARDIFF');

INSERT INTO DEPARTMENT (DEP_NUMBER, DEP_NAME, LOCATION)
VALUES (5,'PROGRAM DEVELOPMENT DEPARTMENT','NOTTINGHAM');

INSERT INTO DEPARTMENT (DEP_NUMBER, DEP_NAME, LOCATION)
VALUES (6,'COMPUTER UPGRADE DEPARTMENT','BIRMINGHAM');
	
/*	EMPLOYEE Table is made for employee information with Insert Into Values and includes Primary Key EMP_ID and Foreign Key DEP_NUMBER. */
	
CREATE TABLE EMPLOYEE (
  EMP_ID        	    			NUMERIC(4) NOT NULL,
  EMP_NAME          				CHAR(10),
  EMP_SURNAME          				CHAR(10),
  DEP_NUMBER         				NUMERIC(1) NOT NULL,
	CONSTRAINT EMPLOYEE_PRIMARY_KEY PRIMARY KEY (EMP_ID),
	CONSTRAINT EMPLOYEE_FOREIGN_KEY FOREIGN KEY (DEP_NUMBER) REFERENCES DEPARTMENT (DEP_NUMBER));	

INSERT INTO EMPLOYEE (EMP_ID, EMP_NAME, EMP_SURNAME,DEP_NUMBER)
VALUES (4123,'MARK','JOHNSON',1);

INSERT INTO EMPLOYEE (EMP_ID, EMP_NAME, EMP_SURNAME,DEP_NUMBER)										
VALUES (4358,'PETER','BLAIR',1);	

INSERT INTO EMPLOYEE (EMP_ID, EMP_NAME, EMP_SURNAME,DEP_NUMBER)	
VALUES (4726,'MICHAEL','NORMAN',1);

INSERT INTO EMPLOYEE (EMP_ID, EMP_NAME, EMP_SURNAME,DEP_NUMBER)	
VALUES (4125,'JOHN','ONEIL',2);	
	
INSERT INTO EMPLOYEE (EMP_ID, EMP_NAME, EMP_SURNAME,DEP_NUMBER)	
VALUES (4796,'DARREN','JACKSON',6);	
	
INSERT INTO EMPLOYEE (EMP_ID, EMP_NAME, EMP_SURNAME,DEP_NUMBER)	
VALUES (4287,'NATHAN','FERGUSSON',5);
	
INSERT INTO EMPLOYEE (EMP_ID, EMP_NAME, EMP_SURNAME,DEP_NUMBER)	
VALUES (4012,'HOWARD','HUGHES',2);
	
INSERT INTO EMPLOYEE (EMP_ID, EMP_NAME, EMP_SURNAME,DEP_NUMBER)	
VALUES (4390,'IAN','PALMER',6);	
	
INSERT INTO EMPLOYEE (EMP_ID, EMP_NAME, EMP_SURNAME,DEP_NUMBER)	
VALUES (4493,'KEVIN','CARTER',4);
	
INSERT INTO EMPLOYEE (EMP_ID, EMP_NAME, EMP_SURNAME,DEP_NUMBER)	
VALUES (4580,'PHILLIP','FORD',4);
	
INSERT INTO EMPLOYEE (EMP_ID, EMP_NAME, EMP_SURNAME,DEP_NUMBER)	
VALUES (4659,'THOMAS','JONES',5);
	
INSERT INTO EMPLOYEE (EMP_ID, EMP_NAME, EMP_SURNAME,DEP_NUMBER)	
VALUES (4218,'TONY','STARK',2);												
	
/*	EMPLOYEE_DETAILS Table is made for employee details information with Insert Into Values and includes Primary Key EMPLOYEE_DETAILS_ID and Foreign Key EMP_ID. */
	
CREATE TABLE EMPLOYEE_DETAILS (	
  EMPLOYEE_DETAILS_ID				NUMERIC(3) NOT NULL,
  JOB_TITLE                 		CHAR(30),
  HOURLY_RATE						NUMERIC(4),																
  DEP_NUMBER         				NUMERIC(1) NOT NULL, 
  EMP_ID        	    			NUMERIC(4) NOT NULL,
    CONSTRAINT EMPLOYEE_DETAILS_PRIMARY_KEY PRIMARY KEY (EMPLOYEE_DETAILS_ID),
	CONSTRAINT EMPLOYEE_DETAILS_FOREIGN_KEY FOREIGN KEY (EMP_ID) REFERENCES EMPLOYEE (EMP_ID));	  
	
INSERT INTO EMPLOYEE_DETAILS (EMPLOYEE_DETAILS_ID, JOB_TITLE, HOURLY_RATE, DEP_NUMBER, EMP_ID)	
VALUES (331,'OWNER',90,1,4123); 

INSERT INTO EMPLOYEE_DETAILS (EMPLOYEE_DETAILS_ID, JOB_TITLE, HOURLY_RATE, DEP_NUMBER, EMP_ID)	
VALUES (332,'HR',15,1,4358);

INSERT INTO EMPLOYEE_DETAILS (EMPLOYEE_DETAILS_ID, JOB_TITLE, HOURLY_RATE, DEP_NUMBER, EMP_ID)	
VALUES (333,'CUSTOMER SERVICE',14,1,4726);

INSERT INTO EMPLOYEE_DETAILS (EMPLOYEE_DETAILS_ID, JOB_TITLE, HOURLY_RATE, DEP_NUMBER, EMP_ID)	
VALUES (334,'IT TECHNICIAN',25,2,4125);

INSERT INTO EMPLOYEE_DETAILS (EMPLOYEE_DETAILS_ID, JOB_TITLE, HOURLY_RATE, DEP_NUMBER, EMP_ID)	
VALUES (335,'ELECTRIC ENGINNER',331,6,4796);

INSERT INTO EMPLOYEE_DETAILS (EMPLOYEE_DETAILS_ID, JOB_TITLE, HOURLY_RATE, DEP_NUMBER, EMP_ID)	
VALUES (336,'SOFTWARE ENGINNER',42,5,4287);

INSERT INTO EMPLOYEE_DETAILS (EMPLOYEE_DETAILS_ID, JOB_TITLE, HOURLY_RATE, DEP_NUMBER, EMP_ID)	
VALUES (337,'NETWORK ENGINNER',40,2,4012);	

INSERT INTO EMPLOYEE_DETAILS (EMPLOYEE_DETAILS_ID, JOB_TITLE, HOURLY_RATE, DEP_NUMBER, EMP_ID)	
VALUES (338,'SECURITY ENGINEER',29,6,4390);	

INSERT INTO EMPLOYEE_DETAILS (EMPLOYEE_DETAILS_ID, JOB_TITLE, HOURLY_RATE, DEP_NUMBER, EMP_ID)	
VALUES (339,'IT TECHNICIAN',35,4,4493);	

INSERT INTO EMPLOYEE_DETAILS (EMPLOYEE_DETAILS_ID, JOB_TITLE, HOURLY_RATE, DEP_NUMBER, EMP_ID)	
VALUES (340,'IT SUPPORT',34,4,4580);		

INSERT INTO EMPLOYEE_DETAILS (EMPLOYEE_DETAILS_ID, JOB_TITLE, HOURLY_RATE, DEP_NUMBER, EMP_ID)	
VALUES (341,'SYSTEM ANALYST',27,5,4659);		

INSERT INTO EMPLOYEE_DETAILS (EMPLOYEE_DETAILS_ID, JOB_TITLE, HOURLY_RATE, DEP_NUMBER, EMP_ID)	
VALUES (342,'NETWORK ENGINNER',55,2,4218);												

/*	EMPLOYEE_ADDRES_ID Table is made for employee information with Insert Into Values and includes Primary Key EMPLOYEE_ADDRES_ID and Foreign Key EMP_ID. */
	
CREATE TABLE EMPLOYEE_ADDRESS (
  EMPLOYEE_ADDRES_ID				NUMERIC(3) NOT NULL,
  EMP_ADDRESS						VARCHAR(40) NOT NULL,
  EMP_CITY                			CHAR (30),
  EMP_AREA               			CHAR (20),
  EMP_POSTCODE                 		VARCHAR (15),
  EMP_COUNTRY						CHAR (30),
  EMP_ID        	    			NUMERIC(4) NOT NULL,
	CONSTRAINT EMPLOYEE_ADDRESS_PRIMARY_KEY PRIMARY KEY (EMPLOYEE_ADDRES_ID),
	CONSTRAINT EMPLOYEE_ADDRESS_FOREIGN_KEY FOREIGN KEY (EMP_ID) REFERENCES EMPLOYEE (EMP_ID));	

INSERT INTO EMPLOYEE_ADDRESS (EMPLOYEE_ADDRES_ID, EMP_ADDRESS, EMP_CITY, EMP_AREA, EMP_POSTCODE, EMP_COUNTRY, EMP_ID)	
VALUES (887,'3 Southwell Close','Beverley',NULL,'HU17 8UP','ENGLAND', 4123);

INSERT INTO EMPLOYEE_ADDRESS (EMPLOYEE_ADDRES_ID, EMP_ADDRESS, EMP_CITY, EMP_AREA, EMP_POSTCODE, EMP_COUNTRY, EMP_ID)	
VALUES (888,'Waterloo Place','Welshpool',NULL,'SY21 7HE','ENGLAND', 4358); 

INSERT INTO EMPLOYEE_ADDRESS (EMPLOYEE_ADDRES_ID, EMP_ADDRESS, EMP_CITY, EMP_AREA, EMP_POSTCODE, EMP_COUNTRY, EMP_ID)	
VALUES (889,'150-152, Imeary Street','South Shields',NULL,'NE33 4EL ','ENGLAND', 4726); 

INSERT INTO EMPLOYEE_ADDRESS (EMPLOYEE_ADDRES_ID, EMP_ADDRESS, EMP_CITY, EMP_AREA, EMP_POSTCODE, EMP_COUNTRY, EMP_ID)	
VALUES (890,'36 Springwell Rd','Hounslow',NULL,'TW5 9E','ENGLAND', 4125); 

INSERT INTO EMPLOYEE_ADDRESS (EMPLOYEE_ADDRES_ID, EMP_ADDRESS, EMP_CITY, EMP_AREA, EMP_POSTCODE, EMP_COUNTRY, EMP_ID)	
VALUES (891,'110 Trafalgar Rd','London',NULL,'SE10 9UW','ENGLAND', 4796); 

INSERT INTO EMPLOYEE_ADDRESS (EMPLOYEE_ADDRES_ID, EMP_ADDRESS, EMP_CITY, EMP_AREA, EMP_POSTCODE, EMP_COUNTRY, EMP_ID)	
VALUES (892,'16-17 Oak Industrial Park','Dunmow','Chelmsford Rd','CM6 1XN','ENGLAND', 4287); 

INSERT INTO EMPLOYEE_ADDRESS (EMPLOYEE_ADDRES_ID, EMP_ADDRESS, EMP_CITY, EMP_AREA, EMP_POSTCODE, EMP_COUNTRY, EMP_ID)	
VALUES (893,'27 Grand Parade','St. Leonards-On-Sea',NULL,' TN37 6DN','ENGLAND', 4012); 

INSERT INTO EMPLOYEE_ADDRESS (EMPLOYEE_ADDRES_ID, EMP_ADDRESS, EMP_CITY, EMP_AREA, EMP_POSTCODE, EMP_COUNTRY, EMP_ID)	
VALUES (894,'7 Market Place','WARMINSTER',NULL,'BA12 9BT','ENGLAND', 4390);  

INSERT INTO EMPLOYEE_ADDRESS (EMPLOYEE_ADDRES_ID, EMP_ADDRESS, EMP_CITY, EMP_AREA, EMP_POSTCODE, EMP_COUNTRY, EMP_ID)	
VALUES (895,'46c, Castlecat Rd','Bushmills',NULL,'BT57 8TNP','ENGLAND', 4493);  

INSERT INTO EMPLOYEE_ADDRESS (EMPLOYEE_ADDRES_ID, EMP_ADDRESS, EMP_CITY, EMP_AREA, EMP_POSTCODE, EMP_COUNTRY, EMP_ID)	
VALUES (896,'5 Sovereign House, London Road','Hassocks',NULL,'BN6 9BN','ENGLAND', 4580);  

INSERT INTO EMPLOYEE_ADDRESS (EMPLOYEE_ADDRES_ID, EMP_ADDRESS, EMP_CITY, EMP_AREA, EMP_POSTCODE, EMP_COUNTRY, EMP_ID)	
VALUES (897,'115 Atlas Rd.','Bootle',NULL,'L20 4DY','ENGLAND', 4659);  

INSERT INTO EMPLOYEE_ADDRESS (EMPLOYEE_ADDRES_ID, EMP_ADDRESS, EMP_CITY, EMP_AREA, EMP_POSTCODE, EMP_COUNTRY, EMP_ID)	
VALUES (898,'40-42, Oxford St.','London',NULL,'W1D 1BB','ENGLAND', 4218);  	

/*	EMPLOYEE_CONTACT Table is made for employee contact information with Insert Into Values and includes Primary Key EMPLOYEE_CONTACT_ID and Foreign Key EMP_ID. */
	
CREATE TABLE EMPLOYEE_CONTACT (
  EMPLOYEE_CONTACT_ID				NUMERIC(3)  NOT NULL,
  EMP_MOBILE_PHONE_NUMBER     		NUMERIC(20)  NOT NULL,
  EMP_LANDLINE_PHONE_NUMBER    		NUMERIC(20),
  EMP_EMAIL_ADDRESS					CHAR(30),
  EMP_ID							NUMERIC(4) NOT NULL,
	CONSTRAINT EMPLOYEE_CONTACT_PRIMARY_KEY PRIMARY KEY (EMP_MOBILE_PHONE_NUMBER),
	CONSTRAINT EMPLOYEE_CONTACT_FOREIGN_KEY FOREIGN KEY (EMP_ID) REFERENCES EMPLOYEE (EMP_ID));	

INSERT INTO EMPLOYEE_CONTACT (EMPLOYEE_CONTACT_ID, EMP_MOBILE_PHONE_NUMBER, EMP_LANDLINE_PHONE_NUMBER, EMP_EMAIL_ADDRESS, EMP_ID)	
VALUES (441,7480908771,01327340999,'mruko56@yahoo.com',4123); 

INSERT INTO EMPLOYEE_CONTACT (EMPLOYEE_CONTACT_ID, EMP_MOBILE_PHONE_NUMBER, EMP_LANDLINE_PHONE_NUMBER, EMP_EMAIL_ADDRESS, EMP_ID)	
VALUES (442,7400905671,12808456111,'nugehatak49@gmail.com',4358); 

INSERT INTO EMPLOYEE_CONTACT (EMPLOYEE_CONTACT_ID, EMP_MOBILE_PHONE_NUMBER, EMP_LANDLINE_PHONE_NUMBER, EMP_EMAIL_ADDRESS, EMP_ID)	
VALUES (443,7460904471,01357583620,'iqecadi87@yopmail.com',4726); 

INSERT INTO EMPLOYEE_CONTACT (EMPLOYEE_CONTACT_ID, EMP_MOBILE_PHONE_NUMBER, EMP_LANDLINE_PHONE_NUMBER, EMP_EMAIL_ADDRESS, EMP_ID)	
VALUES (452,7550904871,01292899253,'ammekeziffa95@yahoo.com',4125); 

INSERT INTO EMPLOYEE_CONTACT (EMPLOYEE_CONTACT_ID, EMP_MOBILE_PHONE_NUMBER, EMP_LANDLINE_PHONE_NUMBER, EMP_EMAIL_ADDRESS, EMP_ID)	
VALUES (444,7350908571,01977308061,'juke52@yopmail.com',4796); 

INSERT INTO EMPLOYEE_CONTACT (EMPLOYEE_CONTACT_ID, EMP_MOBILE_PHONE_NUMBER, EMP_LANDLINE_PHONE_NUMBER, EMP_EMAIL_ADDRESS, EMP_ID)	
VALUES (445,7300900371,01629178627,'ceffi93@gmail.com',4287); 

INSERT INTO EMPLOYEE_CONTACT (EMPLOYEE_CONTACT_ID, EMP_MOBILE_PHONE_NUMBER, EMP_LANDLINE_PHONE_NUMBER, EMP_EMAIL_ADDRESS, EMP_ID)	
VALUES (446,7450900471,01235324562,'cafy12@yahoo.com',4012); 

INSERT INTO EMPLOYEE_CONTACT (EMPLOYEE_CONTACT_ID, EMP_MOBILE_PHONE_NUMBER, EMP_LANDLINE_PHONE_NUMBER, EMP_EMAIL_ADDRESS, EMP_ID)	
VALUES (447,7470900671,01132029923,'abebi19@Gmail.com',4390); 

INSERT INTO EMPLOYEE_CONTACT (EMPLOYEE_CONTACT_ID, EMP_MOBILE_PHONE_NUMBER, EMP_LANDLINE_PHONE_NUMBER, EMP_EMAIL_ADDRESS, EMP_ID)	
VALUES (448,7490922371,01429275756,'fola57@gmail.com',4493); 

INSERT INTO EMPLOYEE_CONTACT (EMPLOYEE_CONTACT_ID, EMP_MOBILE_PHONE_NUMBER, EMP_LANDLINE_PHONE_NUMBER, EMP_EMAIL_ADDRESS, EMP_ID)	
VALUES (449,7420900301,01925837733,'emdylihi04@yopmail.com',4580); 

INSERT INTO EMPLOYEE_CONTACT (EMPLOYEE_CONTACT_ID, EMP_MOBILE_PHONE_NUMBER, EMP_LANDLINE_PHONE_NUMBER, EMP_EMAIL_ADDRESS, EMP_ID)	
VALUES (450,7440900691,01391806018,'eddip85@yahoo.com',4659); 

INSERT INTO EMPLOYEE_CONTACT (EMPLOYEE_CONTACT_ID, EMP_MOBILE_PHONE_NUMBER, EMP_LANDLINE_PHONE_NUMBER, EMP_EMAIL_ADDRESS, EMP_ID)	
VALUES (451,7490902171,01244563803,'anexixi91@mail.com',4218); 

/*	EMPLOYEE_WORK_LOG Table is made for work log information with Insert Into Values and includes Primary Key WORK_LOG_ID and Foreign Key EMP_ID. 
Also, table uses CHECK constraints TOTAL_PRICE that price is equal or more than 0. */

CREATE TABLE EMPLOYEE_WORK_LOG  (
  WORK_LOG_ID						NUMERIC(4) NOT NULL,
  TOTAL_PRICE						NUMERIC(8,2) NOT NULL,
  WORKED_HOURS						NUMERIC(8,2),
  WORK_PROGRESS						TEXT,
  JOB_DESCRIPTION					TEXT,
  EMP_ID							NUMERIC(4) NOT NULL,
  CHECK (TOTAL_PRICE>=0),
	CONSTRAINT EMPLOYEE_WORK_LOG_PRIMARY_KEY PRIMARY KEY (WORK_LOG_ID),
	CONSTRAINT EMPLOYEE_WORK_LOG_FOREIGN_KEY FOREIGN KEY (EMP_ID) REFERENCES EMPLOYEE (EMP_ID));                                         
	
INSERT INTO EMPLOYEE_WORK_LOG (WORK_LOG_ID, TOTAL_PRICE, WORKED_HOURS, WORK_PROGRESS, JOB_DESCRIPTION, EMP_ID)
VALUES (1010,10853,58,'35%','ALL CABELLING WAS FINISHED',4796);
	
INSERT INTO EMPLOYEE_WORK_LOG (WORK_LOG_ID, TOTAL_PRICE, WORKED_HOURS, WORK_PROGRESS, JOB_DESCRIPTION, EMP_ID)
VALUES (1012,5675,67,'41%','15 ROUTERS INSTALLED',4218);	

INSERT INTO EMPLOYEE_WORK_LOG (WORK_LOG_ID, TOTAL_PRICE, WORKED_HOURS, WORK_PROGRESS, JOB_DESCRIPTION, EMP_ID)
VALUES (1014,41532,111,'12%','TESTING COMPUTER IN PROGRESS',4493);

INSERT INTO EMPLOYEE_WORK_LOG (WORK_LOG_ID, TOTAL_PRICE, WORKED_HOURS, WORK_PROGRESS, JOB_DESCRIPTION, EMP_ID)
VALUES (1016,4440,125,'62%','3 OF 5 FLOORS ARE CONNECTED TO NETWORK',4012);

INSERT INTO EMPLOYEE_WORK_LOG (WORK_LOG_ID, TOTAL_PRICE, WORKED_HOURS, WORK_PROGRESS, JOB_DESCRIPTION, EMP_ID)
VALUES (1018,3750,199,'87%','TESTING PROGRAM',4287);	
	
/*	INVOICE Table is made for invoice information with Insert Into Values and includes Primary Key INV_ID and Foreign Key CUST_ID. */
	
CREATE TABLE INVOICE  (
  INV_ID							NUMERIC(4) NOT NULL,
  CUST_ID							NUMERIC(3) NOT NULL,	
  COMPANY_NAME						VARCHAR(20),													
  CUST_NAME							CHAR(20)  NOT NULL,												
  CUST_SURNAME		 				CHAR(20)  NOT NULL,												
  CUST_BILLING_ADDRESS				VARCHAR(40) NOT NULL,											
  CUST_CITY                			CHAR (30),														
  CUST_AREA               			CHAR (20),														
  CUST_POSTCODE                		VARCHAR (10),													
  CUST_COUNTRY						CHAR (30),																								
    CONSTRAINT INVOICE_PRIMARY_KEY PRIMARY KEY (INV_ID),
    CONSTRAINT INVOICE_FOREIGN_KEY FOREIGN KEY (CUST_ID) REFERENCES CUSTOMER (CUST_ID));
	
INSERT INTO INVOICE (INV_ID, CUST_ID, COMPANY_NAME, CUST_NAME, CUST_SURNAME, CUST_BILLING_ADDRESS, CUST_CITY, CUST_AREA, CUST_POSTCODE, CUST_COUNTRY)	
VALUES (5971,111,NULL,'JIMMY','WALKER','69 Witney Way','KIRRIEMUIR','STAPPENHILL','DD8 8SJ','WALES');
	
INSERT INTO INVOICE (INV_ID, CUST_ID, COMPANY_NAME, CUST_NAME, CUST_SURNAME, CUST_BILLING_ADDRESS, CUST_CITY, CUST_AREA, CUST_POSTCODE, CUST_COUNTRY)	
VALUES (5968,112,'NEST','SARAH','PARKER','11 Consett Rd','HIGHTAE',NULL,'DG11 9AE','SCOTLAND');
	
INSERT INTO INVOICE (INV_ID, CUST_ID, COMPANY_NAME, CUST_NAME, CUST_SURNAME, CUST_BILLING_ADDRESS, CUST_CITY, CUST_AREA, CUST_POSTCODE, CUST_COUNTRY)	
VALUES (5965,113,'TECH INVEST','AMANDA','TAPPING','65 Telford Street','BARDNEY','TREMORFA','LN3 4FH','ENGLAND');
	
INSERT INTO INVOICE (INV_ID, CUST_ID, COMPANY_NAME, CUST_NAME, CUST_SURNAME, CUST_BILLING_ADDRESS, CUST_CITY, CUST_AREA, CUST_POSTCODE, CUST_COUNTRY)	
VALUES (5962,114,'OSCORP','SAMUEL','BLAKE','127  Netherpark Crescent','STIBB CROSS',NULL,'EX38 8QZ','ENGLAND');
	
INSERT INTO INVOICE (INV_ID, CUST_ID, COMPANY_NAME, CUST_NAME, CUST_SURNAME, CUST_BILLING_ADDRESS, CUST_CITY, CUST_AREA, CUST_POSTCODE, CUST_COUNTRY)	
VALUES (5959,115,'OPS INTERNATIONAL','FREDERICK','NAVRATIL','80 Guild Street','LONDON',NULL,'SE14 7HB','ENGLAND');
	
/*	INVOICE_DETAILS Table is made for invoice details information with Insert Into Values and includes Primary Key INV_DETAILS_ID and Foreign Key INV_ID. */
	
CREATE TABLE INVOICE_DETAILS  (
  INV_DETAILS_ID					NUMERIC(5) NOT NULL,
  INV_ID							NUMERIC(4) NOT NULL,
  TERMS								TEXT,
  INV_DATE              			DATE NOT NULL,
  DATE_JOB_STARTED					DATE NOT NULL,
  DATE_JOB_COMPLETED				DATE,
  WORKED_HOURS			   			NUMERIC(8,2) NOT NULL,													
  SUBTOTAL							NUMERIC(8,2) NOT NULL,
  VAT_CHARGE						CHAR(4) NOT NULL,
  TOTAL_PRICE						NUMERIC(8,2),
    CONSTRAINT INVOICE_DETAILS_PRIMARY_KEY PRIMARY KEY (INV_DETAILS_ID),
    CONSTRAINT INVOICE_DETAILS_FOREIGN_KEY FOREIGN KEY (INV_ID) REFERENCES INVOICE (INV_ID));
	
INSERT INTO INVOICE_DETAILS (INV_DETAILS_ID, INV_ID, TERMS, INV_DATE, DATE_JOB_STARTED, DATE_JOB_COMPLETED, WORKED_HOURS, SUBTOTAL, VAT_CHARGE, TOTAL_PRICE)	
VALUES (10159,5971,'2 YEARS WARRANTY','2018-12-05','2018-11-08','2018-12-04','223','9044','20%','10853');

INSERT INTO INVOICE_DETAILS (INV_DETAILS_ID, INV_ID, TERMS, INV_DATE, DATE_JOB_STARTED, DATE_JOB_COMPLETED, WORKED_HOURS, SUBTOTAL, VAT_CHARGE, TOTAL_PRICE)	
VALUES (10123,5968,'2 YEARS WARRANTY','2018-12-07','2018-03-13','2018-05-11','330','4729','20%','5675');

INSERT INTO INVOICE_DETAILS (INV_DETAILS_ID, INV_ID, TERMS, INV_DATE, DATE_JOB_STARTED, DATE_JOB_COMPLETED, WORKED_HOURS, SUBTOTAL, VAT_CHARGE, TOTAL_PRICE)	
VALUES (10146,5965,'3 YEARS WARRANTY','2018-12-06','2018-01-16','2018-07-14','800','34610','20%','41532');

INSERT INTO INVOICE_DETAILS (INV_DETAILS_ID, INV_ID, TERMS, INV_DATE, DATE_JOB_STARTED, DATE_JOB_COMPLETED, WORKED_HOURS, SUBTOTAL, VAT_CHARGE, TOTAL_PRICE)	
VALUES (10175,5962,'2 YEARS WARRANTY','2018-12-03','2018-10-25','2018-12-03','180','3700','20%','4440');

INSERT INTO INVOICE_DETAILS (INV_DETAILS_ID, INV_ID, TERMS, INV_DATE, DATE_JOB_STARTED, DATE_JOB_COMPLETED, WORKED_HOURS, SUBTOTAL, VAT_CHARGE, TOTAL_PRICE)	
VALUES (10129,5959,'2 YEARS WARRANTY','2018-12-01','2018-07-16','2018-11-10','642','3125','20%','3750');

/* SQL VIEW statement is a virtual table based on the result-sets. 
In SALES view for getting all information about  -	Invoice number, Invoice date, Customer ID, Customer Name, Customer Surname, Subtotal, VAT charge and Total have been used data from INVOICE and INVOICE_DETAILS tables. */

 CREATE VIEW SALES AS
 SELECT INVOICE.INV_ID AS INVOICE, CUST_ID AS CUSTOMER, CUST_NAME AS NAME, 
		CUST_SURNAME AS SURNAME, SUBTOTAL, VAT_CHARGE AS VAT, TOTAL_PRICE AS PRICE,INVOICE_DETAILS.INV_ID						
 FROM INVOICE, INVOICE_DETAILS 
 WHERE INVOICE.INV_ID = INVOICE_DETAILS.INV_ID 
 GROUP BY INV_ID, CUST_ID, CUST_NAME, CUST_SURNAME, SUBTOTAL, VAT_CHARGE, TOTAL_PRICE
 ORDER BY INV_ID;
 
/* In EMPLOYEE_REPORT view for getting all information about  -	Employee Name,Date,Work order number,Hourly rate,Hours worked and Total Price  have been used data from EMPLOYEE, INVOICE_DETAILS, WORK_ORDER_DETAILS and WORK_ORDER tables. */
 
 CREATE VIEW EMPLOYEE_REPORT AS
 SELECT EMP_NAME AS EMPLOYEENAME, EMP_SURNAME AS EMPLOYEESURNAME, INVOICE_DETAILS.TOTAL_PRICE AS TOTALPRICE, WORKED_HOURS AS WORKEDHOURS, 
		DATE_JOB_STARTED AS JOBSTARTED, DATE_JOB_COMPLETED AS JOBFINISHED, WORK_ORDER.WORK_ORDER_ID AS WORKORDERID, HOURLY_RATE AS HOURLYRATE
 FROM EMPLOYEE, INVOICE_DETAILS, WORK_ORDER_DETAILS, WORK_ORDER 
 GROUP BY EMP_NAME, EMP_SURNAME, INVOICE_DETAILS.TOTAL_PRICE, WORKED_HOURS, DATE_JOB_STARTED, DATE_JOB_COMPLETED, WORK_ORDER.WORK_ORDER_ID, HOURLY_RATE
 ORDER BY WORK_ORDER.WORK_ORDER_ID;
 
 

  
 


 
 